{"Cuban Convertible Peso": 0.0144982286, "Saint Helenian Pound": 0.0114057919, "Seychellois Rupee": 0.1974626954, "Bulgarian Lev": 0.0249059572, "Comorian Franc": 6.2648224793, "Moldovan Leu": 0.262913541, "Tajikistani Somoni": 0.1368604131, "Macau Pataca": 0.1166034987, "New Zealand Dollar": 0.0215942845, "Burundian Franc": 26.6850253029, "Indonesian Rupiah": 204.8314170304, "Icelandic Krona": 1.8045801448, "Kyrgyzstani Som": 1.0091809151, "Iranian Rial": 609.5901667049, "Euro": 0.0127342137, "Mozambican Metical": 0.9004767619, "Afghan Afghani": 1.179326739, "Paraguayan Guarani": 90.0284270173, "Guernsey Pound": 0.0114057919, "Pakistani Rupee": 2.3160897007, "Cuban Peso": 0.3842030585, "Bahamian Dollar": 0.0144982286, "Moroccan Dirham": 0.1387112658, "Danish Krone": 0.0950511184, "Bahraini Dinar": 0.005451334, "Kazakhstani Tenge": 5.5185534658, "Maldivian Rufiyaa": 0.2232603979, "Lebanese Pound": 21.8560796465, "British Pound": 0.0114057919, "Samoan Tala": 0.0379339969, "Dominican Peso": 0.7392258244, "Croatian Kuna": 0.0942341449, "Ukrainian Hryvnia": 0.3796205414, "Thai Baht": 0.444720469, "Japanese Yen": 1.5619225824, "Malagasy Ariary": 52.8725183819, "US Dollar": 0.0144982286, "Guinean Franc": 132.8523489346, "Swedish Krona": 0.1345363669, "Iraqi Dinar": 17.2996832216, "Brazilian Real": 0.0555786472, "Nepalese Rupee": 1.6075, "Tunisian Dinar": 0.0415097347, "Cape Verdean Escudo": 1.4042017486, "Bermudian Dollar": 0.0144982286, "Swazi Lilangeni": 0.2048595381, "Romanian Leu": 0.0602368853, "Costa Rican Colon": 8.457452638, "Somali Shilling": 8.3736058214, "CFP Franc": 1.5195959111, "Aruban or Dutch Guilder": 0.0259518292, "Seborgan Luigino": 0.0024163714, "Haitian Gourde": 1.3592975535, "Philippine Peso": 0.7431529543, "Cambodian Riel": 58.9375817128, "Libyan Dinar": 0.0202200309, "Hungarian Forint": 4.1136509563, "Australian Dollar": 0.0206809492, "Salvadoran Colon": 0.1268595004, "Indian Rupee": 1.0, "Congolese Franc": 23.9185054916, "Argentine Peso": 0.6152588612, "Belizean Dollar": 0.0292136979, "Sudanese Pound": 0.6544833278, "Angolan Kwanza": 4.9332005153, "Jordanian Dinar": 0.0102792441, "Mauritanian Ouguiya": 0.5336497376, "Barbadian or Bajan Dollar": 0.0289964572, "Czech Koruna": 0.3239311853, "Ethiopian Birr": 0.4196214813, "Sao Tomean Dobra": 0.3125578661, "Hong Kong Dollar": 0.1132072802, "Rwandan Franc": 13.212763781, "Turkish Lira": 0.0836263779, "Trinidadian Dollar": 0.0980940844, "South Korean Won": 16.7618585374, "Sierra Leonean Leone": 129.8666689258, "Emirati Dirham": 0.0532447446, "Colombian Peso": 46.3579683145, "Sri Lankan Rupee": 2.5587698277, "Kenyan Shilling": 1.4837943668, "Botswana Pula": 0.1542045547, "Silver Ounce": 0.000948685, "Egyptian Pound": 0.2420268699, "Bolivian Bol\u00edviano": 0.100127183, "Palladium Ounce": 9.4311e-06, "Uzbekistani Som": 124.1265773416, "Solomon Islander Dollar": 0.116171045, "Guatemalan Quetzal": 0.1116534043, "Mexican Peso": 0.2779288437, "Venezuelan Bol\u00edvar": 93.8529497037, "Zambian Kwacha": 0.1859703022, "Panamanian Balboa": 0.0144982286, "Nicaraguan Cordoba": 0.4778045408, "Serbian Dinar": 1.5008712431, "Central African CFA Franc BEAC": 8.3530966391, "Georgian Lari": 0.0413847687, "Burmese Kyat": 21.9440774869, "Surinamese Dollar": 0.1081160601, "Tongan Pa'anga": 0.0328160364, "Omani Rial": 0.0055745689, "Malaysian Ringgit": 0.059957848, "Bruneian Dollar": 0.0196185969, "Eritrean Nakfa": 0.2174734293, "Liberian Dollar": 2.8315393361, "CFA Franc": 8.3530966391, "Namibian Dollar": 0.2048595381, "Honduran Lempira": 0.3548191662, "Basotho Loti": 0.2048595381, "Ghanaian Cedi": 0.0787755121, "Swiss Franc": 0.0141426729, "Bangladeshi Taka": 1.2246749925, "Azerbaijan Manat": 0.0245961343, "Platinum Ounce": 1.753e-05, "Djiboutian Franc": 2.577456209, "Chilean Peso": 9.8510134779, "IMF Special Drawing Rights": 0.0104271255, "Bosnian Convertible Mark": 0.0249059572, "Norwegian Krone": 0.1236390523, "South African Rand": 0.2048595381, "Tanzanian Shilling": 33.3437123302, "Nigerian Naira": 5.2193237107, "North Korean Won": 13.049262147, "Albanian Lek": 1.5627452652, "Mauritian Rupee": 0.5164316303, "Vietnamese Dong": 337.8494408947, "Chinese Yuan Renminbi": 0.0996011611, "Falkland Island Pound": 0.0114057919, "Guyanese Dollar": 3.031348378, "Yemeni Rial": 3.6285152956, "Qatari Riyal": 0.0527735522, "Canadian Dollar": 0.0189729406, "Caymanian Dollar": 0.0118885545, "Gambian Dalasi": 0.7197457422, "Russian Ruble": 0.9125771094, "Macedonian Denar": 0.7852120113, "Taiwan New Dollar": 0.449415339, "Dutch Guilder": 0.0259494663, "Tuvaluan Dollar": 0.0206809492, "Polish Zloty": 0.0540827628, "Mongolian Tughrik": 38.5863205022, "Ugandan Shilling": 53.6110609186, "Algerian Dinar": 1.7232862564, "Jamaican Dollar": 1.8920823529, "Saudi Arabian Riyal": 0.0543683573, "Papua New Guinean Kina": 0.0490628152, "Syrian Pound": 7.466806016, "Ni-Vanuatu Vatu": 1.6701921345, "Bhutanese Ngultrum": 1.0, "Gibraltar Pound": 0.0114057919, "Gold Ounce": 1.02739e-05, "Peruvian Sol": 0.0476710614, "Singapore Dollar": 0.0196185969, "Kuwaiti Dinar": 0.0043989353, "Uruguayan Peso": 0.5109261114, "Jersey Pound": 0.0114057919, "Malawian Kwacha": 10.9790616129, "Lao Kip": 126.2641373113, "Fijian Dollar": 0.0310832601, "Zimbabwean Dollar": 5.246908938, "Armenian Dram": 6.92042892, "East Caribbean Dollar": 0.0391817967, "Turkmenistani Manat": 0.0507438083, "Israeli Shekel": 0.0517527339, "Belarusian Ruble": 0.0295491293, "Isle of Man Pound": 0.0114057919}